account_id,passport_number,passport_country
9SH9V,-9526,Egypt
8EBHM,(012)309-8910x13991,India
GZ97S,761-047-1428,Mexico
GZ97S,001-977-658-2369x4022,Egypt
GZ97S,(682)417-3042x814,China
55M8O,926-351-1087x317,Australia
55M8O,+1-729-668-7577x389,Australia
DG4JB,853-671-0979,Aruba
WECC5,(696)116-1162,Italy
4WQIB,754-203-5574,UK
4FLGR,004-689-6714x543,Dubai
FCEQT,+1-763-778-5707x4270,USA
FCEQT,904-432-9431,India
0N456,359.191.5587x540,Kenya
0N456,530.481.0777x0677,Kenya
CT9EA,8855902622,Italy
CT9EA,908-957-7403,UK
A861D,+1-510-562-3762x5425,Italy
A861D,8298215323,Egypt
OYWI5,+1-522-509-0925x54457,Japan
OYWI5,186.428.2129,Belarus
1IN21,132.716.6446x59514,Japan
F1G3J,050.562.4629x2648,USA
ZHZW5,+1-378-252-7808x185,Aruba
JWXSS,-6967,Egypt
JWXSS,(223)950-7603,Mexico
BLIBV,(525)780-3429x546,Mexico
LZAU3,+1-732-881-8202x86937,Australia
LZAU3,(538)707-9148x7867,Japan
E189I,001-503-006-8021x993,Kenya
E189I,667.063.6094,China
K99E6,(646)198-5373,Australia
8XKTJ,001-835-288-9962x97939,Australia
8XKTJ,+1-931-864-5732x58576,Germany
ZW64O,656.016.9220x1630,China
IHMF3,-8485,Germany
IHMF3,1904124388,China
PW40B,-9459,UK
PW40B,744.667.0285,India
YM05M,801-036-7465,Germany
X9W2Z,559-669-6849x3363,Chile
X9W2Z,803.471.0391x403,Belarus
IJBH1,629.621.9127x416,Kenya
IJBH1,(705)216-9303x6009,Japan
IJBH1,(197)444-3600,USA
SHKRM,(122)069-1184,Aruba
TGLI2,001-520-782-6497x3079,Australia
TGLI2,(643)343-8957x395,Japan
O0KP9,001-765-601-0524x987,India
T37DM,-6145,India
6F0TV,(373)611-8618x72033,USA
6F0TV,131.829.3898x9696,India
RHW68,(852)185-5153,Aruba
RHW68,+1-511-738-0091x74948,Egypt
540AP,(270)670-4896x799,Germany
8X3PV,+1-736-160-4924x4818,Aruba
8X3PV,(760)101-5348,Belarus
XOFFF,1782369582,Mexico
XOFFF,218.869.4316x0875,Japan
MGW5R,741.353.6095x227,Belarus
VTFH5,(117)782-8125x68218,Belarus
VTFH5,(439)129-6545x8500,Chile
VTFH5,202-553-1872x453,Australia
BF3QQ,001-991-640-4009,Australia
M54Q6,461.312.9727,Australia
PZG0D,547-532-7253x72189,Mexico
QK2B9,864-702-5273x31276,Italy
QK2B9,001-665-953-5728x0720,Germany
F79ZR,(754)847-8565x64037,Dubai
F79ZR,001-271-736-2108,Kenya
VJL5E,(604)292-1687,Dubai
VJL5E,954.224.3156,Dubai
426K8,803.572.9330x3145,India
426K8,+1-892-864-0520x837,UK
ILH54,685.221.4427x43893,Italy
ILH54,217.675.9472x40617,USA
O9MC8,001-817-897-4591x3064,Mexico
O9MC8,5535556306,Belarus
9FRBB,-11211,Japan
9FRBB,165-015-9183x90004,Egypt
9FRBB,450.999.4151x2674,Australia
ZNF0R,4689415795,Aruba
ZNF0R,001-183-085-2397x876,Aruba
HHYUU,195-516-3594x23829,Australia
L72RV,(076)910-6493,India
VOV5J,001-920-124-9442,Dubai
VOV5J,+1-418-800-5697x5931,Italy
VR7T2,+1-101-551-9413x4911,Belarus
VR7T2,633.915.2417,Japan
VR7T2,622-987-1395x940,China
GIJNW,001-803-996-4112x12833,Japan
F9R3A,148.835.4386,Dubai
T21O4,480-679-2020x865,Italy
T21O4,231.881.8386x5439,Australia
U29GK,(256)384-5548,Aruba
G6UPG,6793140279,Germany
7D3PZ,+1-953-000-0351x14470,China
WBPAX,1616279949,Japan
WBPAX,001-087-764-7599x81290,Aruba
Z0XGU,3413413239,China
DGIQS,+1-342-337-3345x39521,China
A7G8C,+1-354-272-5332x967,Chile
A7G8C,+1-309-766-7341x57659,Australia
08KUN,012-874-2113x983,Belarus
3KCKA,001-649-823-0713x74944,Dubai
3KCKA,044-111-3990,Australia
F28UM,001-299-422-9707x9483,Kenya
KGX0O,012.244.2325x5833,Aruba
KGX0O,786.431.8769,Australia
3XOCG,-2436,Chile
I7SFL,+1-546-530-6251x23827,Kenya
RBL4D,323.568.6159,Chile
19J34,449.928.9651x218,Japan
19J34,734.986.7473x986,India
V8GKC,646-907-3843x0984,Chile
S1V3H,+1-183-273-9540x20574,Mexico
S1V3H,7634297715,Belarus
9X7GU,293-678-0469x145,Belarus
V1WOH,(444)151-0319,Dubai
V1WOH,200-031-0714x38562,Dubai
DGJ85,+1-904-372-0283x57638,Germany
E9ZT8,153.578.6833,China
6E64O,082-583-9453x658,Italy
6E64O,814.321.4580x5802,China
6E64O,+1-450-890-9637x74260,Aruba
PPOCS,8798593629,Dubai
PPOCS,001-074-019-0587x6971,Japan
34K6O,298-978-1664x57956,UK
QLECR,576.849.0113x33458,Chile
QLECR,670-259-1426x6775,Mexico
XLZ45,+1-671-807-4151x75866,UK
XLZ45,(527)497-5415,Mexico
E5UW1,+1-583-837-7312x24520,Kenya
UIDTQ,001-089-263-4095,Dubai
1HZAS,667.550.2718x5265,Italy
SFIDV,280.312.8036,UK
SFIDV,056.162.6986x426,UK
B0WMN,308.249.5343,Belarus
B0WMN,(644)845-9400x516,UK
G60H0,502.787.6802,Egypt
8LFHI,467-624-4940,Chile
8LFHI,001-577-049-4329x844,Japan
K3MXR,001-258-846-1726,Mexico
GT3TI,(894)416-8514x5396,Belarus
1HKQM,(021)217-5392x4165,Australia
006O3,001-765-203-3662,China
XPPM0,001-112-925-2487x438,Australia
XPPM0,235-281-1759x1342,Germany
XPPM0,+1-981-967-5497x1761,Dubai
5IIW3,710-425-7334,Mexico
WLPL6,001-512-548-1825,Belarus
P34SI,001-980-200-9244x4963,Germany
P34SI,-9144,UK
N5X40,640-432-6925,Dubai
UOQ2K,001-136-744-8117,Kenya
2LNLH,(704)044-3243x813,China
DJXHT,(551)646-2484,Belarus
DJXHT,941-972-9415x0226,Egypt
RJWPA,(991)865-4519x2733,Dubai
X3L0S,+1-080-012-5778x16287,Germany
X3L0S,7911927290,India
WIWT3,001-245-534-9645x907,Italy
WIWT3,1458054571,Australia
SRXC0,3631481947,Kenya
SRXC0,140.326.9651,Dubai
FWS8D,-1713,Belarus
FWS8D,(372)013-8284x973,Belarus
8VI0V,+1-517-627-0073x3983,UK
8VI0V,7313872419,Belarus
EJ8AM,(609)210-7038,UK
HZLY8,(864)590-6049x76321,Egypt
5D94C,+1-605-174-3576x7045,Aruba
5D94C,+1-634-223-2134x4081,Kenya
029X1,855.899.7543x0895,Dubai
029X1,216.470.8586x0849,Japan
CC7BL,001-264-483-0223x609,Kenya
SSQAN,499.243.0857x01095,UK
SSQAN,(507)731-2936x270,Belarus
LW98R,+1-327-874-8582x0345,Mexico
LW98R,638-815-1092x202,Italy
P8UOK,(324)152-9911x181,USA
P8UOK,-8569,Italy
X7OBY,001-740-650-4331,Kenya
ZRBZG,563-428-9961x323,Kenya
ZUULM,001-326-231-7336x206,Kenya
IHE8P,+1-022-405-9662x02619,Chile
CRABF,325.863.6655,India
FQGYY,-4086,Mexico
FQGYY,(313)670-0643x1919,Belarus
8DXG1,(399)726-0072,Chile
8HANL,962-536-8631x35076,Dubai
N5FGR,(709)369-4267,China
05TT7,001-858-508-6459x611,Aruba
05TT7,+1-286-263-4218x49806,Belarus
92I2Y,163-482-4763,India
92I2Y,299-423-5401x780,Egypt
WDTPK,001-006-199-7859x75530,Germany
WDTPK,656.555.0006,Kenya
E3B3Y,274-092-6219,USA
MYGLQ,177.730.8345,India
MYGLQ,670-202-8187,USA
5EICG,+1-068-714-5074x8902,Aruba
5EICG,707-684-0943x598,Italy
5EICG,(529)919-0607x938,UK
5XGBY,001-850-137-6797x06179,Germany
5XGBY,630-310-9579x3504,Germany
L3CC2,935.286.1673,China
L3CC2,(167)835-0868x7889,Japan
TYGLN,668.035.5665x43754,Egypt
TYGLN,001-229-714-3425,Kenya
TYGLN,755.778.1491x401,Germany
WUSF0,687.210.9965x384,USA
WUSF0,970-597-5494x79588,Belarus
6NS86,487.078.6846x39491,Chile
6NS86,001-270-547-3856x9571,Australia
HBAFR,839.718.7485,Chile
HBAFR,855-965-8818x84253,Italy
1H9CX,950.242.8339x623,India
7TLQP,1285964298,Japan
7TLQP,+1-707-246-0986x1261,Australia
L72E7,596.282.4038x70618,Mexico
L72E7,(855)562-7627x5290,Mexico
HSHEJ,549.860.3075,China
QS8TO,5139024038,Germany
4DGUK,2296040653,UK
4DGUK,494-642-1860x64811,UK
U4LP6,986-125-7367x80902,Dubai
NJYKN,001-986-654-6267x64343,Japan
LICJK,797-261-4940,Chile
8AQG4,001-646-387-1182x15394,Germany
THO1P,598.344.5709,Egypt
XCUZG,-7893,Italy
XCUZG,001-577-231-1246x01874,Germany
0OSLH,484.741.3617,Belarus
0OSLH,004.316.4718x4250,Aruba
WVD22,(883)475-5929x53019,UK
WVD22,8160985456,Germany
HCDNI,001-336-529-0089x0068,Egypt
HCDNI,+1-015-726-7113x108,Kenya
41N52,(543)015-3349,Belarus
UNCBN,+1-171-479-3968x569,Chile
UNCBN,781.515.3711x1727,Japan
011WF,131-363-3730,USA
JMFY4,371-070-2731,China
7P11Q,258-259-2049,USA
7P11Q,001-465-992-1244x05578,Japan
7P11Q,+1-716-730-9628x9553,USA
LT1QA,001-571-677-9769,Kenya
LT1QA,459-533-2499x6116,Aruba
LT1QA,(042)414-4567x253,India
OCSC1,(461)885-5556x8326,Italy
S7Y3V,(596)355-0738,China
S7Y3V,+1-825-177-1815x412,USA
YWTAO,874.312.1448x6797,Kenya
YWTAO,(689)448-4304x35574,USA
ELMVL,+1-878-483-6199x370,UK
ELMVL,383-733-2861,Mexico
YBACL,659-769-9816,Dubai
0MSFY,+1-375-964-8000x512,Egypt
0MSFY,156-805-3460,India
RK6DU,001-452-651-7628x583,UK
3XNZ1,001-021-372-2128x910,Aruba
3XNZ1,228-981-3224,UK
3XNZ1,761.128.1308x911,Japan
RBP64,281-429-4253x77414,Aruba
RBP64,5805362588,Mexico
3JETR,(708)030-9681,Dubai
LO0YU,8421676114,India
86J10,391.005.3036x7010,Chile
86J10,(204)071-6980x62350,India
86J10,(841)507-8414x157,USA
BJTDP,001-631-189-2064x35720,Aruba
BJTDP,(740)179-0218x8740,Italy
CSD0V,(850)486-6984,Australia
P027C,-5814,USA
P027C,(842)731-5383,India
O8YYV,(711)910-9073x47312,Kenya
O8YYV,349.995.7471,Chile
M2S46,+1-365-543-9361x9998,Kenya
MCYKS,165.029.6203,Dubai
MCYKS,075-350-8705x432,China
6S8DR,507.758.3258,India
6S8DR,412-190-6683x10580,Japan
DNCLE,1831222,Australia
DNCLE,001-218-684-5088x738,Dubai
42LPG,182.067.4324,Belarus
42LPG,(983)830-0930x69693,Dubai
C0UHU,-8116,USA
CTMHY,001-739-354-6700x8360,Japan
CTMHY,(986)862-1732x09571,Belarus
BAOCV,667669542,Belarus
BAOCV,001-506-447-4309x328,Chile
BAOCV,4603205498,Mexico
CA969,(637)569-3980x6696,Belarus
J05HH,4211547646,USA
J05HH,835.241.8306,Italy
6BAHN,001-144-949-3099x81668,Australia
JY3X4,+1-127-036-4495x611,Belarus
NEDMB,+1-929-025-5018x8181,Germany
NEDMB,+1-544-978-1155x226,Egypt
QFR1K,-9386,China
QFR1K,+1-783-928-6238x78387,India
NEI16,001-195-007-0704,China
NEI16,001-828-273-9061,Aruba
U4CKQ,-8742,Egypt
AWXDQ,001-521-534-4131x49807,China
8G032,-2207,Kenya
8G032,842-836-2174,Belarus
BHDQW,+1-787-119-9351x82417,Aruba
BZ8KN,841-695-3130,Mexico
AGIEN,(630)294-3662,Japan
6VLT3,+1-186-019-6780x06984,Germany
6VLT3,001-039-018-1617,Egypt
Q4PTS,381-253-7997x73751,Belarus
Q4PTS,225.219.5152,Japan
0WVGB,672-858-5458x865,Japan
0WVGB,124.953.3286x041,Aruba
0WVGB,357.852.7618x8259,Chile
KM0EY,001-959-214-4978x329,Egypt
KM0EY,(245)291-5686x24040,Mexico
GVRV3,2995421634,UK
GVRV3,001-151-525-1307x812,Germany
MHIUF,(366)182-1570,India
1SE3V,-4509,Germany
VDU8D,624-604-8725x5224,Japan
VDU8D,(826)571-0713x94307,UK
DR99N,850.596.4403x55167,Kenya
EMSKC,606.278.3089x1180,Belarus
8NP1J,649.249.1959,UK
8NP1J,953-267-5583x657,Mexico
WM6TL,148.826.6857,Mexico
DW4SG,(461)516-3250,Japan
X4E1M,(109)076-9424x55730,Australia
X4E1M,+1-439-346-6216x65519,UK
X4E1M,(746)946-3503,Belarus
PCL39,495-337-1899,Aruba
9YSA1,(676)548-8736,Italy
9YSA1,(950)303-1965x732,Japan
2NXQQ,958-034-6658x07013,Kenya
2NXQQ,326-505-7122x9235,Mexico
9CX7X,(253)356-3403x385,Italy
HVYPZ,147-435-5304x28781,Australia
SNKBL,584-641-3873x476,India
GLVQG,+1-221-837-9933x84892,USA
GLVQG,(246)724-8457x825,Belarus
GLVQG,(807)945-2993,Belarus
N35CF,-4486,Dubai
N35CF,-9201,China
GKKI8,966-761-8872x937,Mexico
GKKI8,670-678-8306x077,Chile
05K3U,(995)127-4553,Italy
05K3U,001-206-078-4104,USA
B1JLP,625.665.3723x02482,Italy
B1JLP,+1-813-313-1440x74876,USA
B1JLP,001-352-591-4827x9618,Germany
BBHBZ,(727)681-7774,UK
3JKX9,001-024-206-0006x7885,USA
3JKX9,001-146-788-5856x7291,Germany
3S3MN,001-308-644-5386x8916,Dubai
YDZC3,+1-719-991-2461x47984,Mexico
UBB1Y,062-402-9643,Germany
UBB1Y,(899)351-0712x087,Chile
BMK8A,306-523-7576x39337,UK
KIIZ7,+1-961-296-7241x8121,Dubai
KIIZ7,1760542759,Australia
GWS4Y,(938)786-1727,Australia
9R94E,001-593-250-0717x36156,Dubai
9R94E,+1-825-930-9270x7271,Aruba
VX9SU,852215040,Kenya
VX9SU,366.087.8913x6453,Mexico
4DMZ0,(732)606-5982x35146,China
MYOLC,579-859-4472,Germany
MYOLC,486.864.4429x10555,Mexico
MYOLC,629-481-5971,Kenya
GOW8W,(559)271-2839,China
V00RL,-1836,Germany
V00RL,-8521,Germany
V00RL,001-974-814-2894x2907,Italy
N5J6N,(401)128-6823x9435,UK
N5J6N,001-944-896-5788,Chile
SL6IR,479-607-5910x47067,Egypt
SL6IR,327-838-1403x337,Mexico
QR19G,001-434-744-9020x7916,Italy
QR19G,001-090-746-8829,USA
VLADK,(589)207-1638x762,Kenya
VLADK,(618)390-0827,Italy
Q1X68,160-651-5769x151,Chile
Q1X68,942.938.6327x6345,Italy
9CDZ6,+1-277-274-3791x2360,Chile
9CDZ6,295-834-8749x458,Belarus
7T5MJ,(972)930-7353x64032,Aruba
7T5MJ,048.014.9138,Chile
WHC3M,001-627-696-5324,Kenya
SAZF9,+1-405-832-0229x0485,Italy
G3TDR,001-104-151-2593x6691,Japan
G3TDR,362-065-2607x1135,UK
WPI4A,406.876.4132x867,Kenya
WPI4A,241-607-6364x8206,Dubai
87CKX,642.492.6535,Japan
87CKX,343-579-5996x04578,Belarus
4N2BL,868-585-9757,Japan
6FWZI,922-160-1596x72932,Dubai
6FWZI,(066)332-3638,Mexico
KWXKL,-4657,Aruba
KWXKL,(959)810-2785,USA
ATFEH,+1-976-740-5337x54044,Aruba
ATFEH,(983)939-4804x4531,Italy
YTQBP,457-923-5584x74018,Chile
YTQBP,932-705-6639x1573,Italy
OZ384,439.895.1541x36093,China
ZTLSE,001-714-619-0569x50179,Belarus
30COR,001-296-199-2671x929,Italy
30COR,148-101-0268x787,Kenya
IE3OW,-9982,Egypt
IE3OW,355-257-6526x463,Japan
P7MWI,397-091-6140x80123,Germany
P7MWI,220.466.6208x8007,Mexico
ISPDE,858-045-5082,Japan
ZMTPP,+1-501-280-2336x5506,Kenya
9R01Y,722-148-3368x99241,Japan
9R01Y,+1-313-329-0994x1843,Australia
Q6RDS,(556)329-3739x1406,Germany
ROX80,603.726.5740x52949,Egypt
ROX80,+1-604-874-4320x2468,Mexico
8K7Q8,(125)831-8266x475,Dubai
NI81W,001-234-918-7530x3587,Belarus
NI81W,947.371.5819,Italy
4HF2N,(465)722-0252x740,India
4HF2N,(078)921-2804,Aruba
CSADE,+1-460-955-8156x5322,Dubai
CSADE,001-803-980-2661x760,India
T40C2,446.512.3023x203,Dubai
ILUVK,(996)208-1875,Italy
JT55H,001-280-920-5850x351,USA
K7BSE,764-205-4566x446,Chile
Y0271,(919)453-5383x36797,Belarus
Y0271,741.248.8189x78353,Australia
89PH1,001-552-859-9449,UK
89PH1,(506)641-1008x026,Aruba
IJ61L,507.132.3199,Chile
IJ61L,-11183,Aruba
IJ61L,001-819-789-5870x8577,Aruba
HFAMO,(399)922-9424x17346,China
519G2,001-555-737-2070x9512,Egypt
519G2,858.882.1710,Australia
K3UHS,955.737.8835x09460,Aruba
K3UHS,2802446685,China
TGMGQ,827.170.5213,Germany
OCYY1,515-250-6770x49603,India
OCYY1,(840)623-8827,Australia
OE791,748.965.9956,Japan
OE791,(238)913-5196x820,Egypt
OYENY,+1-001-043-7226x087,Dubai
FKY4L,664-586-7449x347,Belarus
1XR4F,-4201,Chile
1XR4F,(617)426-3128x77736,UK
19AOW,001-611-988-6969x2216,China
YLVNU,(559)625-1150x477,Italy
YLVNU,(302)053-6756x82732,Australia
9277X,839-886-1648x1278,India
YCOTD,-3688,Germany
YCOTD,079-369-3465x48072,Mexico
TANN4,9714137096,Aruba
TANN4,406.844.6566,Kenya
UWS65,(941)642-3728,UK
UWS65,922.444.4362x2959,Kenya
LAAAV,078.892.9422x7264,Mexico
LAAAV,+1-846-755-0733x192,Aruba
G7ZYX,546.549.8358x633,Japan
G7ZYX,001-085-018-1027x5963,Belarus
DDZV9,914-089-6619,Kenya
WQ9SF,001-401-402-3533,Germany
IYR3G,001-710-962-0293,India
IYR3G,001-323-517-4508x2058,Japan
IYR3G,560.375.2577,Dubai
5OD7M,134-341-5556,Egypt
5OD7M,301-360-9799x1391,India
ZZYOG,531-032-5744x20269,USA
4AJIZ,5211903285,Mexico
4AJIZ,-5659,UK
4AJIZ,001-446-458-5577x55789,India
DS31G,255.666.2602,Dubai
DS31G,(168)156-5418x95948,Aruba
D8QFI,7110306029,Aruba
D8QFI,5755280311,Japan
JCL6X,-634,Japan
JCL6X,494-706-3371,China
PILG6,(711)013-4149,Belarus
PILG6,(384)896-9277,Italy
FKLYG,4068740604,Italy
FKLYG,530-087-5559x294,Germany
9RJNO,323495526,Japan
NXO0Q,+1-993-302-0444x43002,Aruba
PQEAZ,(045)437-1835x5675,Chile
BU7CW,509.925.3561x283,USA
BU7CW,3682052065,UK
66LLP,001-240-970-1348x748,UK
66LLP,001-789-877-8078x6455,Kenya
9S4KG,475-344-2164x770,Aruba
9S4KG,160.168.2762,Chile
4K0LS,936-320-4379x730,Australia
4K0LS,4887616353,USA
4OUJ8,+1-274-687-8164x65755,Chile
4OUJ8,439.975.3332x505,Mexico
4OUJ8,-5129,Kenya
FPXIF,(028)153-5779x92804,Mexico
NRHQ6,(762)118-7024x328,Kenya
NRHQ6,+1-141-080-2815x42107,Kenya
NRHQ6,001-037-770-2611,China
VYCQV,001-455-878-6768x937,Belarus
X7ETH,878.071.3847x312,Belarus
X7ETH,129.481.1621,Kenya
L38IC,339-376-5948,Egypt
MQBSG,(603)028-8164x20785,USA
KV6EB,063-877-8712,Germany
KV6EB,001-831-873-3548x1338,Kenya
66PSO,736-483-0696x76205,Belarus
SU2JO,(454)532-6791x5134,Kenya
SU2JO,146.380.5378,Dubai
LRD1B,115-331-8094x34016,Japan
LRD1B,001-743-914-4082x92909,Chile
MJUC1,279726667,Japan
IH8AP,(923)841-9350x9605,Mexico
IH8AP,(474)596-8403x1304,Mexico
JH82V,(805)609-2669,Mexico
JH82V,617-894-6903x26721,Egypt
JH82V,279-266-1250x987,Japan
LBHMK,(736)353-8769x2807,India
LBHMK,8747399718,Dubai
LBHMK,858.527.9629x105,Chile
EAJK3,749.754.1653,Kenya
LH4PX,(812)022-3842x45219,Egypt
LH4PX,176-713-5877,India
LH4PX,001-354-191-5684x71329,UK
010JB,297-493-0529x48622,Italy
010JB,5845315519,Belarus
1A6DQ,(011)657-5258x92808,Australia
7CIPO,2104143899,Mexico
7CIPO,256-991-9014x4851,Belarus
PVB4C,434.325.7638,Japan
J7MFE,+1-149-240-0490x09520,Belarus
XZNIM,001-515-187-5846x82239,Australia
ZTV8E,+1-409-925-5869x778,Egypt
ZTV8E,+1-626-615-6019x6537,Mexico
VRNCJ,-5436,Australia
VRNCJ,206.444.6909x795,Aruba
HRDSY,398-283-1677x1294,USA
HRDSY,712-282-5877x469,Japan
AMFD2,001-733-460-1502x64273,Chile
0C7T4,164-017-3578x4196,Belarus
DAWJW,+1-245-837-3249x05084,Chile
DAWJW,(864)725-9465x54075,USA
87HJ9,324.761.2217x9513,Chile
01BFB,001-859-855-6978x19198,Kenya
01BFB,-2223,India
V28W8,009-476-4402x678,Belarus
V28W8,(735)672-8088x53836,India
I4UAO,525-526-8030x98191,Mexico
HYR8F,943.724.7587x350,China
B75QF,+1-226-042-7231x14401,Mexico
B75QF,757-268-0557x34008,Australia
L6WTT,983-518-5811x6703,India
L6WTT,555.902.8803x87659,Chile
9U6E5,395.917.2535x35296,Aruba
9U6E5,223-851-3504x906,China
9U6E5,(816)002-1750,China
6SS99,890-981-3539x39818,Germany
5EO9W,-6209,Italy
7BLST,(348)904-3588x859,Aruba
7BLST,001-663-242-2938x3853,Kenya
OFOQB,963046893,Italy
KP67L,357.811.3685x40560,UK
IHKYE,643-417-6981,Kenya
IHKYE,(420)281-6732x9994,China
YK2FC,+1-121-079-7625x6017,Italy
YK2FC,(749)247-8156x22504,Dubai
HRLIG,+1-826-178-5820x657,Dubai
G2W79,+1-693-063-1950x5453,Aruba
Q6HUI,+1-606-817-4431x901,USA
A83QH,392-088-7358,Chile
DCPZS,572.349.2503x06553,Aruba
DCPZS,146-474-8983x228,Italy
1KW1Z,(454)327-3222x9534,China
3OZAF,(865)583-4279x79847,Japan
6A1CR,870-227-5307,Egypt
6A1CR,-5062,Australia
97WGH,001-653-436-3067x913,UK
CS52N,(256)992-6679,Aruba
CS52N,001-872-089-1989x733,Mexico
26AJ1,020-405-6379,Aruba
1N21A,(045)265-6886x007,China
WWWUR,965-199-2726,Japan
WWWUR,156-527-3916,Germany
712ON,162.155.1017,Egypt
6EL48,447.399.3311,Chile
6EL48,977-218-6807x37542,Aruba
W8R0N,846-521-3952x949,Dubai
VB0HH,164-591-8466,Germany
F30I4,(532)825-2767x5953,India
F30I4,994-739-8206,Australia
ZIKWD,-759,USA
WXB0W,366.082.7018x5934,Italy
0BMS5,(206)037-9360x929,Aruba
DYLYY,753-337-3453x002,Australia
YE9Y0,(458)024-9078x2429,Italy
YE9Y0,2012841143,USA
Y8CBI,001-271-023-6534x2581,Australia
Y8CBI,+1-582-953-8664x428,Chile
0J28P,(063)659-7919x2787,Japan
0J28P,+1-045-167-6004x368,India
AU687,580-637-3801x04801,Australia
439OA,331.841.1702,Belarus
N492C,4245457828,Dubai
N492C,7942330737,Kenya
QHVVP,696.293.1162x5326,Kenya
BX2PI,(229)159-3290x02240,Aruba
DRS4Z,2400084794,USA
DRS4Z,+1-927-471-2707x40081,UK
HLC2X,605.621.0760x399,Belarus
HLC2X,001-910-758-6944x109,Australia
0PI7Y,(007)982-4479,India
9GVYW,+1-326-883-7170x0433,USA
9GVYW,(099)914-3886x380,Dubai
W2TUF,+1-825-758-3291x252,Aruba
W2TUF,263-314-9166x743,Australia
NQ3MK,587.514.4757x73173,India
NQ3MK,+1-829-236-8848x865,Mexico
XEKDS,+1-515-712-5395x09701,India
XEKDS,(770)028-0899x8816,Aruba
YU3F1,(635)692-5083x20221,Aruba
P9Q6Y,5113989020,India
ISY5F,357-404-6761x4092,USA
ISY5F,413.092.7494,Belarus
LZLDV,001-291-797-5911x4025,Chile
LZLDV,001-959-393-0208x542,India
CXKB1,976.252.1778,Italy
CXKB1,229.311.3488x0471,UK
CXKB1,(540)517-9063,Japan
WTZ2U,1205871346,Mexico
WTZ2U,936-142-5660x61866,Chile
HGY3Q,(396)849-4168x215,Germany
HGY3Q,+1-842-038-1062x3490,Japan
HGY3Q,001-684-161-6704x538,Italy
20AR2,1997320079,Germany
KU36K,(652)098-0493x4704,Egypt
KU36K,789.805.4058x736,Aruba
7DTDQ,828.507.3646x5352,Egypt
LGLCO,(673)778-2919x83159,Egypt
LGLCO,(365)236-1388x8813,Mexico
TYD9O,001-319-771-2376x79456,Chile
TYD9O,721.626.4765x7827,Belarus
TYD9O,(819)627-2073,Australia
TABM6,9529008555,UK
TABM6,657.520.7192x897,Aruba
MEID7,380.826.5774,China
03G6E,001-888-142-9023,India
03G6E,516-237-0832x778,USA
03G6E,559.400.9026,Dubai
RGJQ2,211.512.5418,Chile
EJCF2,335-850-6168x0643,Italy
NXRXT,549-719-7680x97890,Aruba
JUQJW,+1-835-575-9949x29921,Germany
JUQJW,-9626,Egypt
JUQJW,619.898.7693x1447,Chile
5ON83,(230)284-7436x09121,Kenya
9UKNK,8375499964,Belarus
9UKNK,177.421.6039x3184,Dubai
9UKNK,(059)606-3033,Dubai
Q0UI3,001-852-095-6652x70196,Dubai
TIQ1A,943.398.0397x139,Kenya
ARWEB,+1-861-511-3632x1109,China
ARWEB,923.892.8225x2559,Australia
FDXK3,001-916-728-5952x6009,Belarus
FDXK3,(482)787-7579x958,UK
FDXK3,049.323.7715x1219,China
4TVZ6,+1-175-324-3312x101,Italy
OZBPO,-5338,USA
K9XM5,983.531.0063,USA
R5O4G,748.392.9153,China
R5O4G,(086)840-3209x13979,Belarus
FKHQP,(064)139-2491,China
FKHQP,(257)888-7334,India
4BHE3,001-151-611-4174x86493,Aruba
V17R3,141-093-7678,China
V17R3,731.232.4981x62126,Chile
LNBM4,001-812-182-2579x22906,Mexico
ETGJX,+1-107-651-7229x481,Australia
ETGJX,+1-126-809-3715x116,Mexico
O343K,317-993-0358x0060,Belarus
Y7IKP,144-044-5395,Japan
Y7IKP,001-696-199-2315,Egypt
FWB4W,370.630.8402,Dubai
FWB4W,(712)309-8486x5347,China
Y1GW1,+1-370-641-0514x514,Mexico
Y1GW1,+1-310-029-8963x6988,Dubai
1WI5Q,963.626.1978,Aruba
1WI5Q,262-249-4986x0630,Japan
9CK79,760.043.9836,Aruba
9CK79,339-769-2265x0221,China
9CK79,895-144-0163x6255,UK
UDZHR,316-272-3608x1626,Kenya
AQQLE,742.450.6528,UK
EFHUG,-8229,India
4PJSD,+1-267-766-3856x274,India
PZXJ8,580.485.5222,Aruba
5ZSRB,625.127.1452,Germany
M9679,001-718-298-4845x7292,Mexico
M9679,997.589.6975,Kenya
SW1FA,-5001,Aruba
SW1FA,697-623-6174x5823,USA
SW1FA,(543)718-6965x700,Germany
FSRBH,(880)628-7146x7300,Mexico
FSRBH,001-205-727-8463,Kenya
1QXIF,730-273-0333x68270,China
W0J0T,001-743-584-6550x19982,Egypt
7VWUB,+1-601-363-7900x69035,Germany
7VWUB,321-129-6271x607,India
6P3VN,546-609-9447,UK
6P3VN,(847)611-2874x683,UK
YNKU0,001-824-441-2382x6844,Italy
7E9AJ,333.757.7339x810,China
7E9AJ,2339337436,Aruba
XKJGA,210.380.5359x75010,USA
H7FKP,239-674-9249x438,Japan
H7FKP,+1-466-789-3896x657,Germany
ZH6OP,001-937-408-2397x1025,Aruba
ZH6OP,(453)414-3462x587,USA
AUQ1P,500-433-9712,China
AUQ1P,675.448.5349,Egypt
S6UTS,(333)363-0955,Australia
S6UTS,(917)801-9874,Belarus
CYGAE,+1-847-210-5547x2555,Kenya
CYGAE,(834)950-7081x409,Belarus
CYGAE,(732)032-8712,Dubai
KLGLB,499-690-4469x686,China
KLGLB,001-205-037-6007x18884,Mexico
ZCAVK,+1-027-522-6478x5374,USA
UFNUW,234.852.4342,Italy
34E4O,6680048131,Aruba
UFZAZ,+1-212-140-6055x577,UK
3FKG7,+1-006-641-4424x896,India
V9Q2X,483.783.7459x699,Germany
7TOUB,832-900-7449,Mexico
J4F6P,750-000-6478x2184,Germany
J4F6P,001-507-806-7801x845,Japan
ENONP,(622)057-2750x27482,UK
CVYN5,(001)632-3843,Dubai
T4T3I,(894)865-8878x9454,UK
ZN52C,+1-858-040-1864x293,Belarus
513PH,+1-474-044-7817x744,Kenya
4JF8Z,(791)034-1973,Germany
GICLW,776.901.8511x1099,Aruba
YCMO9,+1-276-404-6660x5871,Egypt
YCMO9,(622)714-3268x57414,Aruba
M9Q0E,125-875-3703x8786,Egypt
6VZZH,1073037166,Chile
JOAQ9,-4588,Japan
3I68A,+1-985-130-0427x6440,India
AYTRE,001-168-898-4751x033,China
SREI0,189.434.0280,Belarus
SREI0,+1-196-106-6865x900,India
SREI0,176207687,Belarus
3Y8CK,+1-283-366-7559x1358,Australia
QN3Q7,714-986-7812,UK
QN3Q7,279.682.6570,Italy
YTQK8,+1-246-727-5986x4562,Belarus
YTQK8,6878858358,Chile
RP27K,887.155.4694x39022,India
RP27K,(951)292-6898,Australia
RP27K,(421)818-8889,China
K8DRJ,437-328-2736x14802,Japan
X231H,001-929-247-2266,UK
X231H,1504232498,Dubai
24T1N,+1-047-978-6100x8027,Australia
Q6R3L,001-542-744-2761,Chile
GPYLB,398.560.2817,Australia
GPYLB,584.698.6951,Mexico
QWNFA,001-813-669-0341x05192,Chile
QWNFA,7819284760,China
S1Z1R,717.470.7893x4530,Australia
70QQ7,(762)423-2011x3664,Aruba
70QQ7,176.703.9368x992,Chile
70QQ7,+1-544-154-0421x7815,USA
E0Y4Q,645.156.9010,Belarus
R8I6L,001-895-334-8965x642,Italy
7Q7LI,001-749-874-2103x06828,Dubai
7Q7LI,(394)610-1098x57817,Dubai
QFDCE,+1-341-581-8341x72035,USA
QFDCE,+1-356-545-5406x7769,UK
DQZ31,(814)595-1101,China
DQZ31,001-315-683-4116,Chile
4VDK3,400.272.8037x551,India
4VDK3,001-046-852-8055x168,Australia
VRCWH,402-137-7173,Aruba
VRCWH,(736)777-8215x862,Belarus
BWX1O,122.485.6871,Egypt
VM6YE,(515)646-5350,Dubai
VM6YE,724-787-7481,Aruba
YMMVN,898.817.2683x8051,Japan
YMMVN,+1-792-920-9199x6708,USA
OTAU7,(793)393-5813,Mexico
U7XP2,893-312-0967x772,USA
WCDHZ,(437)251-6596,Italy
WCDHZ,001-082-948-1237x440,Mexico
0DXF6,(891)717-8362x665,UK
BU4WM,(827)825-4195x265,India
G9093,(326)035-2036x057,Kenya
G9093,+1-747-761-5737x0252,China
Y10ZO,(830)716-3853,Germany
WVWMR,493-957-3793x5413,Italy
WVWMR,001-192-402-8817x8943,Japan
6UD1H,329.395.5004x97839,UK
6UD1H,+1-248-916-5401x0825,Dubai
0O0Z9,334-149-7222,Japan
JMBL6,899.769.3958x48212,Mexico
JMBL6,8729393553,India
5E55S,858-378-2318x66540,India
5E55S,1985677499,Italy
EQSI4,855.280.6087,Chile
EQSI4,001-953-236-9539,USA
P35EW,001-757-953-1062x6039,USA
P35EW,001-721-556-1410x138,Mexico
5VPLQ,082.528.0929x00389,Mexico
0X8UZ,001-665-031-7489x07528,Germany
0X8UZ,015.582.6364x2378,India
HH5L2,-5287,Belarus
HH5L2,001-171-312-9935x787,Mexico
JEEP3,180-273-7415,Kenya
YP6L4,+1-257-004-6788x034,UK
FZ6BO,001-772-794-1215x2381,Chile
TZBKO,(216)724-9546x67881,Germany
WSHUH,001-396-618-0558x817,USA
WSHUH,710.384.5788x327,Egypt
D263O,(079)013-7635x422,Aruba
D263O,001-707-251-3877x1494,Japan
F22MY,+1-097-431-0490x175,Aruba
F22MY,(424)402-1743x00007,Kenya
IDZE3,344-454-4091,Italy
DHOPC,823-025-5084x54926,Italy
BWIBS,001-665-058-2147x80500,Belarus
7AP3F,1378973532,USA
7AP3F,001-676-911-6203,Chile
MMR8C,(915)934-3260,USA
MMR8C,730.521.7057,Italy
125DH,1570547763,Egypt
125DH,001-501-057-4551x286,Italy
1HJME,001-884-632-7194,Germany
1HJME,(466)004-0832x1163,Germany
IDNHZ,059-007-7792x33452,USA
T4GB1,001-521-868-6480x374,UK
078O0,001-811-260-3061x8220,Italy
7ASVV,683.911.5510,Italy
NVGP0,(098)977-9100,Egypt
UAXZ5,319.084.5468x31048,Japan
UAXZ5,660.149.1202x2695,USA
4VAZ0,762.705.1596,India
4VAZ0,+1-461-378-2923x82871,USA
SBGYO,430.710.1234,China
SBGYO,001-503-269-1959x734,Australia
CAFPE,(730)166-2362,Belarus
DRUJF,+1-343-097-3281x8935,Mexico
J83G9,(845)695-9020,China
8RY42,+1-516-260-9390x264,Belarus
8RY42,(120)793-2585x1617,UK
A84FX,418.598.2115,Kenya
A84FX,-9090,China
EYUAB,198.170.3724,Egypt
APWNU,+1-078-639-4198x14421,Italy
APWNU,-10647,USA
9VJ3R,+1-144-911-5851x59015,Australia
7FBX2,(098)267-6639x528,Australia
TTWUE,317-616-3583x24536,Japan
TTWUE,962.618.0639x696,Australia
W3UYZ,001-126-163-0384x7730,USA
W3UYZ,001-095-489-4267,Chile
ZVZGY,+1-110-880-4556x8379,Kenya
M5IPY,546.415.8110x308,Germany
M5IPY,833-983-3271x94564,Australia
6ZG2P,765.454.7173,Chile
BEM0O,624-959-9018x2042,China
BEM0O,802-491-4618,Kenya
BEM0O,001-978-846-1784,Germany
SR46Q,+1-087-679-9981x399,Japan
V773Y,+1-757-287-1498x213,Australia
JRWX3,599-603-7778x459,Chile
KZBIP,001-692-475-3581x6021,Japan
KZBIP,(937)541-2481,USA
9F21Y,137.493.2916x7703,USA
P3RB8,+1-545-829-8815x13446,Italy
P3RB8,(681)626-9971x838,China
J4KTJ,(862)433-4183x85492,UK
J4KTJ,798.466.4373x2530,Egypt
WJDVP,001-607-802-6139x8539,Chile
WJDVP,(146)840-6966,Dubai
P4FIZ,723-470-9986x58284,China
P4FIZ,573-947-1163x1623,Mexico
C52MZ,611.230.6107x98920,Mexico
80VSH,453-878-5308x8918,Kenya
80VSH,+1-081-030-7430x268,Egypt
XVPN2,001-931-254-5098x19651,Germany
1OMEL,001-615-894-7294x474,UK
1OMEL,7958799712,Mexico
MI92E,8224275619,Belarus
ERS0B,001-093-261-1619x0633,Australia
IBM5M,713.145.5496,Dubai
L3VKI,-7922,UK
L3VKI,001-985-411-1479x64806,Aruba
8WCLV,902.234.4423,Egypt
8WCLV,001-723-950-1532x8602,Chile
D7CK2,001-743-591-7057x0695,India
LVMLU,(447)375-1572x7354,China
LVMLU,775.094.7146,Aruba
LVMLU,+1-216-745-9060x163,Belarus
FQUO1,(074)887-6242x287,USA
FQUO1,+1-717-105-8263x56929,China
FQUO1,613-599-8539x0216,Aruba
VWQZC,(314)917-1299,India
VWQZC,498-452-1624x160,Belarus
ME7DC,6454705217,Dubai
7QGSO,(360)615-1863x4476,UK
7QGSO,997.119.6824,China
7QGSO,-7460,Egypt
QYX12,793.192.9873,China
QYX12,6878033659,USA
LV4UC,783.936.0985x182,Dubai
LV4UC,(429)367-1170,UK
4WDAD,397.996.9055x496,Chile
4WDAD,948-428-1413x259,Australia
Y4JZI,(824)211-3474x75514,Mexico
Y4JZI,767872994,Chile
2J3VC,(724)550-3670x214,UK
2J3VC,(540)115-4709x586,USA
EGA3T,+1-802-357-8465x595,Chile
EGA3T,001-104-206-4415x185,Belarus
6O7XW,(274)346-3375x59612,Chile
4UMXE,(323)090-1026x3572,Italy
2917B,-9040,Japan
SZXQH,012-881-5600,Dubai
62FFP,733.082.7003,Mexico
L7TSR,235.233.0641,Mexico
L7TSR,(782)554-3425,UK
P2JJF,889-291-0834x84465,Japan
L9Y33,970-406-4772,Australia
Y33R6,386-030-9854x161,Dubai
05M7F,+1-312-884-4749x36832,Egypt
PGLZL,449.153.0243x8283,USA
PGLZL,668-177-2112,Belarus
C99EN,001-820-270-7558,Japan
C99EN,001-873-401-1180x2453,Mexico
0V5C9,(907)781-1954x876,China
0V5C9,001-388-928-0052x0827,Aruba
6MX7E,-3964,Aruba
6MX7E,708-459-5056x606,China
N8P04,726-838-6361,Chile
4VU99,+1-326-633-1437x13693,Kenya
4VU99,3998126189,Mexico
RM38H,+1-264-919-9389x07040,Chile
RM38H,001-091-741-7209x12145,China
RM38H,298.409.4653x1755,Dubai
7T5UJ,(599)683-5710x77471,Chile
4I4WY,748-898-6650x251,Japan
4I4WY,-2497,Japan
T5EH5,390-604-3397x297,Chile
T5EH5,072.223.3035,Egypt
687EJ,212-495-8545,USA
687EJ,254-523-3517x50486,Chile
BSJMW,884-625-6279x05049,India
BSJMW,364-787-3784,Dubai
9WYAI,(116)957-3654x416,India
SEOMV,8788626611,India
SEOMV,7743904794,Kenya
F4Q4C,(410)762-2717,Kenya
ZJQJP,289-654-4717x357,Egypt
IZ1CH,3048485639,Dubai
6WQ8P,378.742.2417x671,Japan
JZ1WL,(576)388-9443x844,Mexico
0HCHB,001-129-516-2708,USA
0HCHB,4957670773,Belarus
ZFEZB,001-695-895-2396x54592,Germany
ZFEZB,717-457-9043x87903,China
ZFEZB,(434)252-0075x80215,Belarus
78V1D,2471399258,Egypt
78V1D,-10493,Chile
7CV6O,+1-790-053-9232x7355,Italy
7CV6O,757.155.0816,UK
JI8HS,(227)436-3034,Egypt
JI8HS,(817)026-9772x427,Kenya
JCA8Q,001-727-821-3360x46829,Egypt
G3Z26,582-620-6845x38309,India
HTAXD,300-926-5431,Belarus
4B7RT,184.262.1738x082,Dubai
Y4LRQ,+1-023-869-9526x901,USA
F7QHM,2410296324,USA
0Y8UX,(130)173-1685x75099,UK
0Y8UX,001-641-490-7354x03852,Chile
UEVYS,844-950-1037,Kenya
Y7O7D,001-913-780-6846,India
Y7O7D,001-447-483-6828,Japan
8WQ8N,689-965-7775x303,Germany
8WQ8N,001-418-010-4088x052,Japan
5LT2X,931.615.6472x39376,Aruba
5LT2X,933-525-4325x915,Australia
5WONO,931.398.9648,Dubai
DAN4S,014.682.4463x10463,India
5CMBO,(486)617-5096,Kenya
P8OWW,(649)001-5734x143,Italy
P8OWW,001-875-916-9104,Belarus
H2F1B,474-470-7511,Germany
0U86S,(911)484-3473x4927,Germany
2YLB9,570.859.3417,USA
VSVVE,+1-503-410-7829x9689,UK
VSVVE,644.192.5947x389,Belarus
F1N7U,+1-793-327-7390x75529,USA
3N5PV,375-467-3637x57586,Dubai
D9KVB,(400)930-6716,UK
VZKCW,9390400677,China
VZKCW,(350)321-3845,UK
WBPXF,+1-204-133-7947x704,USA
WBPXF,203.865.0382,Belarus
P5T5M,001-059-954-8195x515,Aruba
VQA91,494.417.8054,Egypt
VQA91,(514)165-1365x29111,Chile
MW6T3,864.070.8527,Mexico
SSLG9,+1-362-761-3541x1548,Australia
SSLG9,898-753-0437x89853,Aruba
XSSIS,+1-055-194-4629x461,China
XSSIS,144-963-0604x009,Aruba
32TH1,+1-150-776-9308x1684,Mexico
32TH1,+1-311-474-7468x16682,Chile
36ZFN,001-329-159-4898x635,Italy
36ZFN,736.013.4335x104,Chile
S0XZX,+1-309-049-8500x78337,Dubai
S0XZX,833.432.5175,Kenya
C9PS9,+1-251-713-2842x02407,Australia
C9PS9,(304)075-6486x32751,Chile
C9PS9,+1-024-643-7782x761,USA
FVB4W,916.636.5589,Germany
FVB4W,766.575.1479x2250,Kenya
7IVK8,001-678-211-8697x553,Dubai
7IVK8,001-388-864-8664,Australia
6J1NZ,001-435-953-0965,Kenya
1VT3O,(807)295-5026x17387,Belarus
1VT3O,001-956-341-4407x532,UK
6QJGV,2961400402,USA
78CNR,696-664-4879x02416,Germany
Y1C7D,(764)156-6505,Mexico
Y1C7D,(405)245-0972,China
Y1C7D,300-010-4174x038,Australia
3KLP3,418-123-8888x306,Mexico
DGX8H,(875)277-3494x5495,Japan
ZT599,+1-766-125-2577x09437,Japan
ZT599,774.569.9974,Aruba
TIQQA,7611529600,Mexico
TIQQA,-7134,India
L75MX,(835)585-0121x43787,Dubai
L75MX,340647370,USA
WSKYW,001-473-215-7427x9642,Aruba
WSKYW,875.860.7740x26164,Kenya
4P2MC,+1-554-477-4556x175,Japan
YRNCX,366.249.0867x3646,Germany
YRNCX,001-770-130-7468x05087,Dubai
R6Q39,(162)876-6817x42323,India
R6Q39,(089)654-5357x468,UK
ESBJV,229-352-8791x45680,Germany
ESBJV,678.284.5988x3992,UK
SVVFK,(653)296-7448,Japan
SVVFK,924-935-5144,Kenya
ETIFQ,507-412-3720,Egypt
TI3XK,785-093-4641x8395,Aruba
MVAXB,9354397144,Chile
MVAXB,691-540-1707,Mexico
T7DN2,128860142,UK
KG3QU,538-155-0057x68940,Kenya
KG3QU,001-103-356-1309x24642,India
T7C4Q,661-735-0563x649,Germany
K1NG4,408.399.3400,Mexico
MHAP9,6417859211,Germany
MHAP9,001-257-498-8420,Chile
SB3L6,+1-721-038-5677x076,Italy
SB3L6,+1-387-168-0161x31467,Chile
DKV6T,(522)371-0360,Dubai
DKV6T,209-705-3201x67156,Egypt
YJLRR,(107)046-6186x6136,Belarus
YJLRR,555.775.5868x565,Kenya
ECMC0,976.714.9554,Aruba
ECMC0,(806)478-8314x2497,Chile
BIVH0,+1-170-343-3107x7659,Dubai
BIVH0,001-257-445-0937x633,China
BIVH0,801.011.0193,Kenya
L8TQI,523.287.4945x51892,Aruba
L8TQI,211-096-0742x5049,Kenya
L8TQI,(062)140-7962x260,Aruba
BOBMM,(659)144-2327x89206,Egypt
BOBMM,081-205-4006x49076,Chile
X6XFU,082.356.9043,Italy
X6XFU,336.666.2062x061,Kenya
62ELS,(072)592-3957x174,Mexico
R8SK1,301-491-7975,UK
5H4D3,093-930-3747x02147,Mexico
0QZU3,+1-316-973-2647x8590,India
I5N3V,014-173-3585x4799,Chile
I5N3V,001-392-944-4334x45328,Australia
AVAG4,+1-517-546-0105x14818,Germany
AVAG4,+1-075-685-4411x145,Aruba
6GV6U,8764329386,Germany
785CE,(898)794-1347,Germany
785CE,(113)520-8328x4464,Japan
L2V08,269-994-3271x8109,Belarus
L2V08,964.139.3422,Australia
F98VS,+1-064-660-6929x535,Mexico
H40RU,536.213.3689,India
ZLOD8,001-177-902-1322x67615,Chile
OKPC2,622.248.9592x9668,Chile
57F8O,269-935-4647,Kenya
57F8O,001-576-233-2580x26475,Egypt
57F8O,+1-339-293-0414x784,USA
JQY1C,001-943-008-3823x96033,China
JQY1C,(720)124-5660x1513,Germany
549RZ,(590)889-6019,UK
549RZ,2588081931,Germany
P8UM4,212.383.2744x04576,Aruba
JPPSA,529-455-6570x25876,China
DUON5,168.337.1966x001,Dubai
7S3SE,146-408-7938x19583,UK
7S3SE,746-064-3938,Mexico
ABMLY,001-769-209-6244x1234,Kenya
ABMLY,(412)361-2989x357,Mexico
1IV1D,001-581-016-3889,Kenya
UWWTS,303-717-7066,Dubai
R7K4O,001-058-448-5191x727,Italy
R7K4O,780.179.4801x52303,USA
O8S8R,497-304-4023x9852,Australia
O8S8R,(191)622-3521x464,Australia
OPEU9,062-883-6278x439,Japan
OPEU9,(969)880-3665,Chile
F5HG5,001-719-784-8990x3721,Kenya
F5HG5,(729)247-5371x8519,Egypt
YVFEL,(756)760-3825x231,Dubai
YVFEL,242.352.9571x56002,Japan
QX1AY,4913136646,Kenya
6Y7OF,278-645-1248,USA
G6G4D,-2340,Mexico
DRBJ8,001-074-170-1780x640,Aruba
Y4HF3,(404)947-1536x303,Australia
6GSGP,+1-086-642-6545x303,Dubai
6R1B0,514.653.5677x3354,Mexico
OPCE8,(064)639-5979x3506,Mexico
10SW3,234.002.4667x59463,Japan
10SW3,001-813-046-0370,Aruba
V9VXZ,001-989-405-1645x34566,Aruba
V9VXZ,000-275-7800x35959,Aruba
6RCV4,(051)047-0353,Egypt
6RCV4,(197)016-5121x40335,Kenya
231ZN,(143)231-2530,Kenya
231ZN,001-648-025-3999x1028,India
231ZN,001-345-004-1587,Mexico
0R2KU,749-833-9616,India
0R2KU,+1-352-957-7575x201,Aruba
R8LB9,(693)943-2916x0470,Germany
IR55S,569.699.6194x7937,Egypt
IR55S,336-994-1895x85033,Mexico
LYNAY,+1-439-948-6239x359,Aruba
LYNAY,(791)535-6133x8153,Mexico
UBVEC,740.661.2891,USA
UBVEC,001-682-307-3607,Belarus
KH2MK,698-548-4777x571,Germany
KH2MK,651-667-8373x3721,India
TKVLF,001-057-501-7801x27312,Belarus
D0S52,686.616.1334,Belarus
D0S52,930.018.7713,Kenya
1DDCA,078.443.9554x10429,Chile
AXYFV,2318569617,Egypt
Z25FV,295.154.1424x85447,Italy
SWZET,001-215-778-0510x48414,Kenya
SWZET,+1-095-191-8900x61061,Kenya
UZPFY,403-311-4021x78062,UK
Z161B,(569)886-7530x8174,Mexico
U683A,001-947-540-8410,China
FUXGY,954613506,Mexico
V25AJ,(294)018-2182,USA
V25AJ,001-996-603-8171x30341,Mexico
NT34M,(637)306-0377,Aruba
NT34M,144.310.2651x69307,Aruba
V2DG5,+1-679-299-8023x565,UK
V2DG5,785703497,Japan
W6LVE,786.566.5398,China
W6LVE,001-592-307-5383x428,India
8K3RE,357-977-0858,Chile
8K3RE,7118663759,China
3XP84,+1-199-005-4229x8273,India
3XP84,(928)861-1840x95988,Dubai
4NAL1,(105)167-7829x669,Dubai
4NAL1,(974)275-8335,India
UG30S,788.014.5343,Mexico
3KCY4,447-450-7253,Australia
3LLAJ,(939)301-3269x57014,Germany
3LLAJ,-4816,Aruba
G909G,+1-725-511-4776x420,Italy
G909G,+1-488-652-1296x356,Dubai
2TNDQ,058-621-6362x7456,India
2TNDQ,300.186.4321,Dubai
EE1TK,(404)377-4239,Chile
EE1TK,804.887.9832x2366,Germany
EE1TK,223-743-8686,Italy
9ACJU,(223)381-2252,UK
WKUSR,568.260.5075x74047,Egypt
8WZ67,(074)493-7066x57899,India
U40M9,001-228-716-3753x7622,Japan
U40M9,+1-798-991-4364x7694,Italy
6M648,001-205-240-6297x33878,Kenya
2C9MR,8774395447,Belarus
2C9MR,(555)347-6497,Mexico
X7ALH,223-420-7663x9351,Chile
MCPAM,806-696-6552x10038,Chile
IBCNI,826-852-6471x5415,Mexico
IBCNI,(864)175-2445x81379,Egypt
IBCNI,-9502,Mexico
152MD,(894)091-4456x0692,Egypt
PZZ4T,001-764-008-6366,Kenya
PZZ4T,129.963.6146,China
LOX45,100-441-2458x52027,Italy
AN1KX,(594)626-5521,Australia
LF6XC,(301)021-1436x911,Egypt
ZMEIK,+1-879-391-1667x5384,Dubai
ZMEIK,+1-148-341-5401x40616,Mexico
U6NSE,602-146-4482x460,Egypt
U6NSE,+1-529-488-0949x93223,Belarus
U6NSE,142.115.3093x05674,Aruba
51WHM,488.013.3268,Aruba
51WHM,(164)695-3351,China
KEHC2,001-649-604-0571x04724,Japan
KEHC2,+1-409-971-1074x8963,Japan
RVZRR,721.162.7505,Germany
RVZRR,+1-936-653-2245x16143,Japan
IEHMO,(843)716-6112,Aruba
FUS1Y,(826)252-1066x432,Dubai
W1TCB,(892)453-4693x5848,Mexico
W1TCB,931.881.5296x21622,India
W1TCB,001-248-597-5016,Kenya
KGX1G,(296)719-5714,UK
KGX1G,(190)661-1773x4111,Japan
SJ5HD,708-857-2897,Aruba
O83AN,001-911-182-3216,Aruba
G4BAF,5444118018,UK
G4BAF,092-420-9612,Aruba
1LDDF,001-588-841-7190,Italy
1LDDF,001-028-923-2763x6091,Belarus
WW2NM,064.522.2938x5259,Kenya
WW2NM,-7077,China
PB6Z6,+1-380-228-4754x397,Belarus
5PQAC,772-427-5342,Chile
142WW,925-645-3455,Kenya
LTYJ8,866.455.5476x6725,China
IBSLU,+1-183-782-2510x43351,Germany
5P7C4,470.491.7340x84948,Japan
5P7C4,785-341-5403x583,India
GP1WL,031.391.7492x67124,Belarus
3Q25L,(656)441-2556x63051,Italy
3Q25L,001-321-485-5691x40168,Japan
J6CXI,320.105.2637x7552,Egypt
Z0LJU,+1-935-440-0677x913,Italy
Z0LJU,001-872-221-2232x195,Australia
7QYG6,755.487.0983,USA
7QYG6,671-502-2375x06959,USA
WH1ZH,(976)607-1259,Germany
WH1ZH,402-568-2232,Japan
WH1ZH,428.944.6468,Dubai
T0LJV,9299845453,India
7E5GA,(467)275-7693,Kenya
5GPI8,453.089.0394x26891,Australia
S711S,(209)121-9966,UK
1M3VQ,190.882.0028,Germany
1M3VQ,191.741.4032x56957,Dubai
GW2HV,801-190-3649,Dubai
ABX8N,(332)426-8393x79126,Aruba
FGGVY,843-240-0908,Kenya
FGGVY,001-766-832-4780x931,Australia
FGGVY,001-943-806-5882,USA
ZXBS8,(712)861-8935x6150,Germany
ZXBS8,216.936.3740,India
S3AB0,001-820-836-8941x197,Australia
EBQH2,107.681.3018,Chile
EBQH2,(926)099-5506x4883,Italy
WX9FX,-8484,Belarus
WX9FX,6095479019,India
5MYGN,9545718472,UK
6LV2R,(218)859-1947,Egypt
264VP,001-011-102-0539,China
264VP,118-898-9318x02053,Germany
CUVCD,3508260263,Mexico
5UFE8,556-642-8797,Aruba
U3D5E,889-591-5940,Italy
U3D5E,+1-779-044-1374x2776,Japan
U3D5E,772.864.8026,Germany
UJG56,(949)994-8518x404,Germany
UJG56,(128)999-9036x4983,Mexico
Z5DB2,-4995,China
S0O92,(507)471-8795x30190,Chile
S0O92,6618790693,USA
Q24R1,001-279-573-6027x2693,Germany
P5KQ6,240-590-2909x501,Australia
P5KQ6,001-722-973-0387x11435,Egypt
XYJGV,+1-875-897-4426x827,Belarus
J5PAC,+1-546-541-1963x59499,Japan
7H518,-7576,Kenya
EDOMX,+1-342-331-6810x51882,UK
EDOMX,9437297709,UK
0Z2LJ,513-552-4461,Dubai
0Z2LJ,+1-977-604-0156x5115,Mexico
04SI0,+1-875-014-9590x060,Australia
SADYP,001-999-744-8427,Mexico
SADYP,308.094.2897x5361,Mexico
2SZAM,107-599-6747x104,Aruba
2SZAM,(487)916-3408x24600,UK
6PA36,279-564-4194,Dubai
XFAW3,001-567-774-2222,Aruba
XFAW3,(369)419-1422x5948,Dubai
DOC7B,+1-257-107-9546x6177,Australia
DOC7B,(887)693-5314x3526,Dubai
GTZX8,001-744-095-6024,Germany
GTZX8,(017)503-1742,Aruba
4GR4S,+1-944-314-2361x3593,Belarus
4GR4S,687.016.6035x09719,Kenya
8UVM6,387.564.0477x7079,Germany
8UVM6,384-150-9700,Germany
8UVM6,830445924,China
QMNGC,545.946.7829,Germany
QMNGC,001-421-052-4332x5095,UK
RNYTZ,001-327-171-8005,Egypt
RNYTZ,(632)097-0197x743,Egypt
32FQ6,001-683-204-9343x9577,Dubai
32FQ6,844.805.7648,Germany
SIX5R,092-516-0127,Japan
HGKSA,640.895.6632,Dubai
HGKSA,158-973-8058,Egypt
0IJYB,157.923.1818x551,Japan
AZQD3,7396965966,Japan
AZQD3,980.906.8174,Chile
CKCU9,288-584-3087,UK
CKCU9,001-418-024-4430x100,Germany
8094C,(852)229-0158,Chile
1N0VL,(074)269-0864x3724,Egypt
9EN65,+1-485-263-7472x24237,Italy
9EN65,001-603-565-9528,Germany
9EN65,+1-514-501-7987x55560,Dubai
WB4UW,001-467-369-9138x51335,Belarus
QFIEG,054.422.7845,China
6H7N0,(845)417-9777,Germany
FDHHQ,-8395,Belarus
FDHHQ,(797)276-9270x859,India
18ATI,(596)908-5126x2659,UK
JKEC1,(980)954-3634x25756,UK
PM19X,001-633-036-3309,Japan
PM19X,034-320-6170x217,China
96CTH,251.895.4017x458,Kenya
96CTH,458-731-1646x23085,Japan
U1MXM,+1-518-665-6856x243,UK
U1MXM,516.051.0306,Mexico
27AN1,(131)309-2223,Australia
27AN1,001-307-612-1080,China
GYDH2,188-545-8149,India
IS8XJ,717-413-5211,Kenya
IS8XJ,938.128.6823x1044,Belarus
IS8XJ,014.379.7754,Aruba
P4THB,+1-042-341-1611x335,Italy
LO562,093-855-3382x0010,Japan
KSZOZ,492-507-2971x0231,Egypt
KSZOZ,+1-815-372-4675x4918,Aruba
5YN0B,001-213-859-0556,Italy
9QUHS,001-314-991-4379,Dubai
FFZPQ,+1-293-578-6560x9595,USA
FFZPQ,(774)877-8012,Germany
IY59U,(448)775-6452x34637,Mexico
IY59U,(329)040-8341x38338,Germany
QGZP1,(444)012-2064,Egypt
DV5YK,049-594-6467,Japan
0WQRI,1787644357,Australia
BLVD4,001-777-276-6086x826,UK
IZBUW,(581)297-3415x70245,Chile
42CYZ,001-175-336-4789x8499,India
UV6I1,739-198-8160x2237,Australia
UV6I1,4175441428,Japan
NGCVS,246-152-2229,China
NGCVS,127.551.1502,China
DIW92,(723)168-9231x409,Dubai
DIW92,(250)911-3399x2499,Chile
4UQN9,001-248-124-6229x01905,China
01VBF,+1-247-101-6735x4522,Mexico
01VBF,204.967.1972x6069,Australia
7MV8H,009.085.5569,Kenya
7MV8H,322.276.4984x124,India
XXDSH,973-015-1755x24330,Chile
3DEPB,027-707-7499x84411,Japan
3DEPB,+1-519-997-1497x532,Egypt
KWOAA,+1-598-960-3027x8820,Italy
KWOAA,082.878.8732,Mexico
LB9D2,271.402.5335x1022,Italy
LB9D2,598-194-4724x8242,Japan
LB9D2,529-049-9043x02944,Kenya
HLQ7U,436-879-7544,USA
HLQ7U,668-904-0361,Italy
Y26NY,066.825.4436x0474,Italy
Y26NY,(368)921-4500x933,Chile
WHOFL,800-394-7185,Aruba
WHOFL,001-481-186-0585,Australia
8O45Z,137-783-0910,Italy
U1JZF,4787848165,Mexico
U1JZF,94258770,Chile
AKLNZ,+1-666-364-6491x34098,Dubai
AKLNZ,(012)965-5267x3232,Australia
MZHDW,001-644-492-1852x50024,USA
UAT7U,664.578.6441x7940,Germany
UAT7U,(480)795-6049x3827,Chile
GSCMO,(265)821-7059,Germany
2D3BP,-7904,UK
2D3BP,948.564.1579x13481,Kenya
93C9Y,(135)581-9214x180,UK
93C9Y,001-952-733-2627x37979,China
511Y0,(696)522-4904x478,UK
511Y0,348.915.5445x1328,Dubai
JPACE,711-785-6137,Kenya
68QVY,+1-102-278-0376x21210,Kenya
68QVY,(155)690-2314,USA
BPNKV,456-160-7390x484,Australia
BPNKV,2506549592,Kenya
L6USX,750.346.2270x6079,China
OW0EP,(083)381-6165,Japan
N7L8C,484.849.5668x0271,Kenya
0HC1E,164.728.7186x34152,Mexico
SQ6FI,340.099.8428x41380,Belarus
AD6O9,156.924.6270x14589,UK
AD6O9,+1-813-001-9474x600,Aruba
V99OK,725.817.4611x1048,Kenya
V99OK,+1-938-881-8501x7604,Australia
61YGY,001-397-188-3528,Australia
05I3A,-4324,Kenya
05I3A,001-215-547-9018x46128,Chile
EXIFE,+1-787-423-4767x87061,Australia
5NRYI,016.314.4689x48703,Germany
5NRYI,001-512-860-1438x2632,Belarus
Z1H57,(211)629-5484x43302,Australia
Z1H57,828.929.1494,Egypt
QGRLQ,+1-089-080-6205x00122,Dubai
JCCF8,001-383-482-2370,Japan
JCCF8,+1-821-370-6325x67896,Mexico
C6WW3,+1-094-095-6235x99376,Chile
GCVCB,711.542.5674,Kenya
GCVCB,525.821.2628x437,Egypt
8OHXT,(030)347-9219x9026,Australia
8OHXT,+1-321-827-9928x36915,UK
8OHXT,501-684-6048x6756,Australia
6OUEY,483-342-2178,Italy
6OUEY,340.009.1895x5223,Belarus
ZZFL3,001-169-684-8148x7415,Australia
ZZFL3,001-112-359-0888x0706,Japan
1E0GR,(542)313-8256x5962,Mexico
1E0GR,766.341.2680x46575,Italy
80NAD,376-413-8176x781,UK
80NAD,148.382.6415x971,Germany
QANSK,060-889-6868,Japan
NKKLD,+1-532-507-7223x51178,India
NKKLD,(415)125-8317,Mexico
NKKLD,9619858934,Egypt
C4HH8,001-326-875-9271x648,Chile
WVX20,(990)040-7497,Kenya
WVX20,001-296-955-5905,Egypt
VRLJ9,138.666.3827x488,Belarus
JOIWH,(015)000-3465x03221,USA
VCKSA,+1-201-818-5958x0150,Australia
VCKSA,+1-531-128-7039x6634,Australia
VCKSA,418-111-6027x10733,UK
AE324,001-813-825-4513x4513,China
AE324,813025311,Aruba
W2FN3,502-884-6582,Italy
W2FN3,(156)379-0546x96029,Dubai
PPAEN,494.934.1942,Belarus
PPAEN,+1-954-095-6325x44107,USA
PPAEN,+1-500-036-7730x54753,Italy
A7G08,-7171,Belarus
1HXJN,786-450-0891,UK
1HXJN,566.102.4410,Mexico
8BS67,+1-565-642-0521x606,China
8BS67,903-170-8060x61629,Australia
DUEVE,+1-760-642-2635x8788,Aruba
DUEVE,001-087-296-4944x88304,Mexico
W343L,(076)508-5081x85837,Kenya
AUA3U,187.432.5677,Chile
VHELP,915-055-4361x6330,Aruba
VHELP,901.841.4267,Mexico
VHELP,(090)631-0716,Australia
I1H4U,388-262-0447x3597,Mexico
J85EZ,(141)502-8642,Aruba
8LJTP,+1-025-744-6255x77145,UK
8LJTP,(712)491-2540,Chile
YRQKP,(448)943-6269,Chile
693CV,9288127490,Germany
693CV,265.397.4126x7800,Australia
2WKJ6,+1-683-938-1277x67312,Belarus
N7TIV,461-264-9214,Mexico
N7TIV,548.955.8480x05884,Aruba
N7TIV,+1-608-116-8620x0544,Belarus
S4GKE,(460)590-4782,USA
A330H,001-060-118-1015,Mexico
A330H,+1-883-876-8297x26446,Germany
RSY9T,(814)254-8984x7796,Australia
RSY9T,001-961-799-6003x55620,Chile
RSY9T,888-266-0178x62842,Italy
YAK94,4777147043,USA
C8HL5,883.637.2470x61542,Kenya
C8HL5,748.222.4475x64668,Chile
K9O3V,001-243-366-8653x927,Belarus
CSYDK,(026)656-2781x6495,Egypt
CSYDK,4131790801,Belarus
CSYDK,8472481993,India
7QINW,(202)001-2864,Kenya
K0WMW,5023521009,China
K0WMW,(005)440-2185x919,Belarus
0XP3P,(678)635-9179x767,Italy
UWI6R,094.912.0975,Kenya
UWI6R,(090)321-6923,India
UWI6R,001-697-961-4590,Australia
OKUGQ,-2401,USA
FFBXJ,452.178.2100,USA
FEW4E,116.518.3952x251,Dubai
FEW4E,+1-428-077-7506x51895,Australia
6IPKS,+1-941-974-5480x98286,Aruba
VD6SK,186.363.9601x65028,USA
5VK6S,481.842.2345x383,USA
5VK6S,(257)588-7336x4059,Aruba
5VK6S,001-241-912-1507x71695,USA
GVAJV,077.902.2385,Mexico
MI9PQ,001-257-610-3280x97012,USA
ZKOH6,848.175.5135,China
QLIY5,001-198-912-4625x3067,Japan
HIKUW,001-320-072-2957x38082,Egypt
FPYNW,(366)293-0323x232,Mexico
0ZK3C,639-219-5054,Aruba
0ZK3C,(470)745-5975,Belarus
N8WG4,(307)787-0096x51416,China
N8WG4,+1-387-520-7645x741,Chile
N8WG4,(883)138-5351,USA
E9K7C,318-810-0295x8091,Mexico
6KVU0,(607)015-5979,Belarus
6KVU0,-5058,Kenya
WUS7Y,3455318537,Egypt
IM7DN,(037)245-5117x4203,Kenya
IM7DN,-11183,Japan
209SC,472.644.4852x999,Egypt
209SC,497-279-0013x1073,USA
DBPO3,(456)323-8048x6201,Italy
DBPO3,2799342131,Japan
OSPAZ,434-526-4975x224,Aruba
UHYY9,(859)871-3647x726,Australia
LQDA2,001-094-232-4430x9889,Italy
ZDG31,(418)619-2959,Australia
ZDG31,(201)011-3927,Japan
ULVGM,(002)372-2220x27840,Mexico
ULVGM,001-731-669-8690x774,Japan
2F0J7,(106)908-5490x27222,Japan
2F0J7,001-764-206-0003x24204,Japan
2F0J7,001-696-888-1068x2565,Egypt
17FO7,+1-248-823-9243x42299,Egypt
17FO7,446-911-9629x573,USA
17FO7,609.601.7215,Australia
7WVZG,+1-109-034-3088x43329,Egypt
XKH7V,465.264.7606x764,Italy
XKH7V,001-561-963-6507,Mexico
GOZG4,4631365783,Kenya
ZRPSM,782-749-6203x83736,USA
ZRPSM,001-617-085-9267,Japan
ZLIUE,(854)811-7205x5919,UK
ZLIUE,+1-915-766-8905x484,Mexico
CKEYL,106-327-7177x1052,China
CKEYL,1657566197,Belarus
Z9LJN,450-924-9054x11127,Belarus
Z9LJN,+1-658-484-3818x74956,Belarus
23CAD,7295517042,Dubai
OKJP0,930.921.5375,Australia
4VNRV,900-018-0052x756,USA
RSZ8L,441-714-4669x651,Kenya
3JK3B,4128419448,Australia
9TAE6,127-959-3378,Italy
9TAE6,+1-682-245-8330x102,USA
6EBA2,+1-219-834-6033x6068,India
GCX9Q,713.515.0355,Kenya
NEI52,790.899.7289x69975,Australia
L8LC6,001-537-696-1582,Kenya
XAY57,(048)121-4588x10935,China
XAY57,(351)826-8868x69372,Australia
NQP88,596.590.7455x30779,USA
NQP88,239.627.6669x720,Germany
E5TBY,362-120-2750x4338,Japan
E5TBY,404-681-7655,Australia
CVFG8,198-381-2119x1615,Italy
1MXH9,(867)022-9376x5401,Egypt
9B61G,477.792.2735x314,USA
9B61G,001-427-997-4935,Aruba
9B61G,707-794-5728x250,Kenya
SRRB7,(317)935-0203x047,Italy
MKK85,(251)328-9154x554,Australia
MKK85,001-120-372-8723,Mexico
RYVDX,001-183-810-0261,Australia
RYVDX,1920864195,China
HVJUT,485-180-1079,Chile
HVJUT,(292)553-3174,India
HVJUT,799-372-6790x0747,Dubai
SBE14,529-398-7000x86321,Mexico
1VPD1,(384)966-7406x008,China
XWXLZ,638-565-4471,Egypt
HQSNA,001-219-656-4140x069,Italy
3K1ND,491-197-2309x42380,Belarus
3K1ND,093.845.4863,Italy
W06JI,+1-876-028-7592x948,Australia
W06JI,(864)584-2097,China
RA72I,(908)453-9982x184,Germany
28KWN,793-000-3279x75212,Chile
28KWN,762-384-0999x975,Chile
QDZA0,004.532.3045,India
QDZA0,163.066.2693x89015,China
UQF7I,082-630-2488,Germany
UQF7I,(050)905-3683x996,Kenya
NVJNV,(604)335-2517x91312,Italy
NVJNV,438-851-4700x1892,Kenya
FVYUF,+1-034-532-3929x138,UK
FVYUF,+1-997-171-7025x9999,Japan
WDERW,5918097029,Italy
ET59G,708.412.4442,Egypt
AL0KT,001-335-998-5329x2811,China
AL0KT,001-339-226-3258x4118,India
GIBAA,(668)562-5909,Egypt
GIBAA,524-761-9681x2518,Dubai
KA6E4,(625)152-3641,USA
KA6E4,040-161-4735x0077,Japan
A5WQ0,(369)387-2827x1427,Germany
A5WQ0,829.711.3579,Kenya
VLEDI,(681)678-5927x83565,Dubai
P0JA5,+1-687-730-1316x739,Kenya
P0JA5,906-425-1747x706,UK
GNBDQ,-5596,USA
KGD5Z,751.075.3589x737,India
TXIQ3,238.508.3635x528,India
9LVEL,552-876-7146,India
9LVEL,715.457.2996,UK
N0DAI,+1-046-334-5446x3721,Japan
NBQ0E,(745)428-2752x163,Germany
NBQ0E,713.713.9382,Kenya
9XPY5,(855)834-9230x94184,Australia
9XPY5,(213)204-3007x5728,Egypt
23NVZ,159.997.2211,Australia
23NVZ,8203569754,Kenya
OJYFE,+1-900-345-5756x163,Italy
L4VJ1,265.952.3289x70155,Australia
0Q0TF,(441)635-6025x105,India
M0C7B,425.563.6942x2146,Kenya
UFPZ0,001-057-362-5070x546,Australia
2OOR4,563-995-8543,Mexico
2OOR4,(552)296-7389,Japan
JLCGV,001-675-446-2895x78104,Germany
8MZDC,6175201435,Chile
8MZDC,+1-329-235-0232x8161,Egypt
LJNGC,001-723-778-2732x67684,Germany
DG564,001-845-188-8684,Aruba
4V1BK,075.757.0071x2808,Chile
4V1BK,883-523-3412,Chile
CHEEQ,717.857.8291x38905,Australia
8Q3XK,023.130.5825,Germany
EI2V3,(973)906-4934,Mexico
EI2V3,001-836-238-2967x73010,Kenya
K41L2,484-704-5249,Australia
0VI2U,(347)100-1326x255,Germany
0VI2U,-6935,USA
MABWW,155-209-1656,Dubai
V1SSI,710-801-3470x900,Aruba
MFFZT,+1-163-519-1729x6778,Mexico
MFFZT,(432)941-2052x3062,Aruba
IUWG8,941.226.0999x6974,USA
IUWG8,760.249.0608,Egypt
NJN0G,1915269092,Mexico
NJN0G,+1-877-785-1188x4401,Mexico
OREG1,483-683-1065,Egypt
OREG1,(152)082-3215x1354,Belarus
OREG1,(326)276-0738,Chile
C6XFV,(587)041-5056x137,Japan
N7SEQ,076-495-7091x62894,Mexico
04AN7,-2186,Japan
04AN7,001-933-243-2830x8417,China
K7PBP,001-834-508-5596,Mexico
K7PBP,(609)260-0589x09397,Australia
MJL8T,8992562373,India
5161D,708-221-1892x47424,Germany
5161D,+1-485-367-1357x870,UK
GGDV6,001-480-263-8587x75991,Mexico
GGDV6,524.878.6249x308,Aruba
JWQKL,+1-062-397-7743x01899,UK
JWQKL,001-519-979-0853x97528,Germany
JPAQK,+1-948-336-6302x077,Kenya
PO4Q4,664-383-9969,USA
PO4Q4,717.191.5403x93684,Egypt
IAYRF,6251370074,Australia
IAYRF,+1-471-442-8894x36080,UK
3QKNG,001-758-829-5819,UK
AWFGJ,+1-120-142-7174x04360,Italy
AWFGJ,-2868,Belarus
GQM6L,149-337-1622,Egypt
GQM6L,811-739-0849x3860,Egypt
3QPJE,-5606,Dubai
3QPJE,296-462-6701x72739,Dubai
TH5WQ,4707507047,USA
GWCEK,+1-765-570-1540x9424,Chile
GWCEK,9420320439,India
HQF90,+1-584-196-4131x2637,Japan
4YOZ4,832-017-0236x491,Belarus
K5CLT,8576924143,India
CB8WV,(584)464-9553,Belarus
ELS9U,787-320-8795,UK
ELS9U,886-711-8934,Aruba
FBQKG,-4010,Belarus
FBQKG,+1-921-869-3141x637,Kenya
9UACF,424-701-0979x358,Dubai
NIT79,968.955.1855x68096,Belarus
NIT79,068-727-1085x8246,UK
NIT79,237.374.5782,USA
32D25,496-664-9509,China
D74FY,064-306-5372x161,Australia
L2EVX,-1810,Kenya
L2EVX,-2546,Australia
7RFUM,001-312-357-9870x6114,China
7RFUM,(667)232-1245,Belarus
7RFUM,-9237,UK
YL6T7,(026)524-5297,Mexico
YL6T7,-9551,Germany
O7HKP,001-153-250-6692x98658,Japan
9RSZ3,206.059.1471x54557,Italy
P3UIF,992.653.5140x67322,Italy
PS235,343.614.8807,China
PS235,+1-783-462-2560x96505,Japan
QGU1G,(192)680-7581,Italy
R71RZ,(043)928-7140,Australia
R71RZ,797-452-1643x638,India
LXLLZ,486.589.5269,UK
LXLLZ,-9405,Chile
LXLLZ,8787720076,Aruba
87KJ3,+1-934-218-9186x3599,Dubai
87KJ3,8099394564,India
F5WTM,001-666-648-1227,Germany
XU3XN,001-745-605-6365,India
3O35F,-6203,Mexico
3O35F,077-854-7016,Belarus
3O35F,431.302.7441x4770,Dubai
GNI6B,(643)305-3114x88570,Chile
GNI6B,-9677,Mexico
01OHT,001-068-218-8163x165,Dubai
01OHT,458.425.0356,Dubai
VIKEF,718-504-0149,Japan
F4LE2,001-847-592-2074x6487,India
F4LE2,(517)913-4778x25289,Australia
FRH4L,000.192.5637,Italy
KAHY1,(964)580-3640,UK
KAHY1,224.713.8236x398,Chile
KAHY1,001-342-891-7794x170,Italy
9EMHE,209-238-6495,Germany
YI585,002-007-6821x663,Aruba
YI585,636.012.7309x1213,Kenya
2NR1Z,870.081.1510x404,UK
2NR1Z,(667)773-7851,Germany
2NR1Z,370-591-2171,Italy
J05YP,001-431-621-8175x43505,Australia
J670J,001-377-010-9093x724,USA
3GLLQ,(031)892-3029x49086,Australia
3GLLQ,+1-198-116-1448x55613,Belarus
T9YB8,001-482-140-8149x5606,Dubai
T9YB8,165-626-0616,Egypt
T9YB8,269.610.4774x427,Italy
TSTDQ,2770638232,China
TSTDQ,896.101.5537x791,Australia
V87IG,001-071-400-0445x133,USA
C1NTG,067-604-8994x0529,Germany
OPS7M,433-068-8977x744,Dubai
OPS7M,644-175-6679x3334,USA
U9IHI,754-649-8937x3003,Belarus
U9IHI,001-729-633-3791x8598,Australia
5JGBI,774-598-3482x23902,China
5JGBI,8840601806,Belarus
UG4IB,001-027-649-4929x9412,UK
U30BT,001-988-513-6670x31301,India
U30BT,131-484-4750x1729,Egypt
U5R93,-2014,Germany
0VBVH,820-011-4697x272,India
0VBVH,001-097-382-2250x28263,UK
GK7R7,991678052,China
GK7R7,-4783,Chile
96A1O,815-138-2063x9379,Dubai
3IZIO,497.582.4050x109,India
HS3Y5,(772)130-2643,UK
DZC76,+1-168-043-9237x042,Italy
G9KLT,532-053-5748,Belarus
G9KLT,001-092-672-0500x86233,Dubai
YIYWG,7364606978,Australia
YIYWG,(970)549-3526,Dubai
S7UM8,-1386,Germany
29OYG,6092380579,USA
29OYG,+1-273-903-0812x5448,Chile
TWDIW,247-732-3157,UK
Y85R4,828.480.9846,Kenya
RFQBB,(344)040-2939,Kenya
CB7EM,(119)603-2036x006,Egypt
CB7EM,432-092-7503x89564,Germany
GJK7R,001-719-619-4946x013,Chile
EX0P4,+1-800-014-6817x54274,India
EX0P4,312-720-0758x561,Kenya
K05VB,3402780907,Chile
K05VB,001-444-832-7924x5447,Aruba
55LLX,557013956,Dubai
55LLX,001-976-274-7255x339,Germany
55LLX,001-740-465-5400x075,Australia
HEMHK,001-226-860-3268x3867,Chile
HEMHK,+1-637-534-7556x2341,China
D2UK0,+1-407-006-8014x854,Australia
GAQ3G,7835809835,Egypt
GAQ3G,401-157-7972,USA
3PM3M,071-952-5237,Aruba
3PM3M,320-008-4205,Dubai
JUDOH,001-840-355-4076x19837,Japan
JUDOH,003.106.5160,USA
J458P,001-980-795-4539,Japan
BRE9O,+1-266-200-4472x778,UK
JSUMG,5234786928,Japan
G00D1,+1-442-625-5390x397,USA
XMLSC,+1-334-002-4509x6982,Dubai
XU609,001-692-095-3140x965,India
K2VIU,965-752-9567x3566,UK
W9PB1,407-192-4791x947,Mexico
DX4HK,(490)645-0138,UK
DX4HK,-5394,USA
014TM,252-418-0158x17424,USA
1HBQW,948.258.4473x64055,India
1HBQW,(385)671-0309x41041,USA
1HBQW,437-375-9812x77864,USA
80A8F,-2650,Italy
6EBHW,442-234-7665,UK
6EBHW,-11026,USA
P6AVV,463.354.6251x63463,Japan
P6AVV,997-974-7978x6232,Aruba
31DDO,(874)235-2123,UK
AADER,933-499-9375x20473,USA
AADER,(175)627-4106x28040,Egypt
ZRYY6,435.882.9176,Mexico
ZRYY6,(378)316-8978,Mexico
UVBIT,419-593-2460x90100,USA
5PG9M,772-999-6845x7653,Kenya
7M8II,495-787-7809x2934,Kenya
7M8II,688-211-3576,Mexico
CXRQA,001-864-325-1750x08253,Kenya
A2I46,(956)826-6433,Mexico
A2I46,001-588-517-1951x94813,Mexico
B8HWI,+1-420-029-1180x039,Italy
NBQEK,-3816,Dubai
ZST93,396-123-9381,Aruba
ZST93,868.256.9465,Germany
BFNT5,945.628.5463x8734,Belarus
1XG6O,115-403-6155x8525,Aruba
RWR7B,001-973-518-6853x76721,Italy
RWR7B,(549)084-5991,Australia
YFJB3,(770)739-4464x99366,Egypt
H1VZ6,001-621-767-4816x664,Kenya
P53VO,+1-270-155-7563x1385,India
P53VO,(943)510-2389x48537,Aruba
13DOA,399-520-4758,Dubai
5JJX3,758.160.7858x4797,Kenya
NKNLM,(959)402-5976x70920,Australia
NKNLM,+1-948-147-0449x4475,Chile
NKNLM,001-579-047-2502x1505,Germany
0096C,085.490.1884x298,China
GM8P9,001-435-115-5572x8820,Italy
AI784,1264749585,China
AI784,366.431.9787,Dubai
X7H0W,659-593-3877,Japan
2R2RD,5635057712,USA
1E2BT,(311)297-8987x97230,UK
1E2BT,001-392-088-7534x59913,Germany
77KUY,397-772-2332x433,USA
77KUY,592-338-3359x8850,Japan
77KUY,822-868-9198,India
JSST3,582-663-8696x77273,Kenya
JSST3,756.465.6231x69538,Egypt
ZZDL1,(888)387-5787,Germany
BJ5MR,417.984.1554,Australia
BJ5MR,001-587-855-3722x63618,Kenya
MZKMH,(224)171-9583,Mexico
MZKMH,(785)692-9366,Germany
KD4EF,001-040-618-1511x064,Mexico
85HM1,(202)925-3561x1324,Egypt
85HM1,(126)106-3793,Japan
AHN40,5013992483,Italy
R6GSN,947.876.5321,Mexico
MMVUI,625.455.0489x198,Germany
MMVUI,+1-589-565-2730x24629,Aruba
MMVUI,610.154.6076x88001,India
GMVCI,(025)379-2920x6978,India
GMVCI,+1-384-723-9239x763,UK
0YDV7,+1-262-215-5173x13668,Chile
I1JY3,192-059-6781x0597,Australia
I1JY3,001-221-977-4329,India
I1JY3,001-796-432-3887x71104,Egypt
G558B,001-917-300-6898x249,India
G558B,487-900-2936,Chile
UOSC6,8032870988,Kenya
UOSC6,470.501.7310x589,Italy
L9RQP,762-988-6453,Kenya
L9RQP,001-339-052-1753x30533,Chile
1IV22,677.069.7150,Mexico
1IV22,+1-447-886-1701x822,Mexico
8HVSN,(680)194-1778,Japan
8HVSN,838.280.4900x832,Kenya
4UA1H,(908)847-9084x2003,Chile
4UA1H,306-043-1676x5847,Kenya
3QX44,277.142.4889,China
V7MFZ,(342)765-2177x97915,Dubai
V7MFZ,686.911.5965,Egypt
7XN5B,841.421.1934,Mexico
7XN5B,(707)287-5787,Italy
HLYRJ,+1-005-661-9220x02308,India
HLYRJ,586.152.7829x3822,Belarus
XQFKW,001-487-886-2269x6847,Kenya
XQFKW,001-225-422-5740x9381,USA
11RRN,+1-053-652-8125x854,India
11RRN,488.348.0815x1822,USA
L20JI,001-705-548-4329x357,Italy
L20JI,080-506-0736x13589,Kenya
3LM05,348.501.9929,Australia
3LM05,+1-260-035-6758x3932,India
DQHRQ,-6160,USA
BKW17,001-171-518-5239x6577,Egypt
UQEWZ,376.770.8423x520,Dubai
N3780,-3786,Aruba
N3780,+1-765-474-5395x5291,Chile
N3780,908-605-3814,India
JEF0X,584-381-3419x25830,Japan
F6ASA,183-109-4476x401,Egypt
F6ASA,+1-929-876-0269x6861,Germany
NHU5L,754.859.6274x4994,Kenya
56WIZ,001-678-242-4055x683,India
0UIH1,817-098-5162x592,India
0UIH1,765-484-2965x352,USA
WCV7M,+1-247-689-5223x2441,Aruba
WCV7M,221.604.6787x240,Kenya
6QFD3,756.408.0511,Dubai
MAQ20,001-746-515-4732,Dubai
YA5CE,196.020.8254,Japan
YA5CE,+1-624-810-1025x445,Italy
A738K,183.070.9548,Chile
TCL8K,(307)180-5344,Australia
TCL8K,001-468-833-8566x8063,Chile
GJD91,692-611-5462,Chile
GGH7M,001-240-994-6371,Australia
GGH7M,492-461-7670,Chile
GGH7M,(164)036-5969,USA
RLPWY,1777736280,Kenya
RLPWY,7780827395,Japan
ZD8HY,969-564-7034,China
ZD8HY,001-398-361-2616x122,India
ZD8HY,929-715-1380,Aruba
C0DKH,284-984-2886x0989,Belarus
C0DKH,958-923-3291x03598,Mexico
8DO01,469.178.5863x840,Japan
8DO01,776-169-9607x7501,Kenya
NHTXB,-9584,USA
ARPGW,+1-677-158-0311x974,UK
21LO7,448-785-9081,USA
NCDRU,001-015-657-9365x038,Italy
NCDRU,-7739,Belarus
58HMO,(068)578-6591x9491,China
BWBBV,952-985-7232x70578,Dubai
BWBBV,001-423-740-4777,Mexico
BCD6Y,590.723.2783x198,Dubai
BCD6Y,001-529-949-0425x03357,Kenya
7GL41,264-653-7763,UK
FOTYF,001-029-405-7835x768,Chile
UTXQ0,(639)884-0497x6527,Egypt
UTXQ0,468-138-8802x9580,Australia
3AFOH,009.855.2525x2642,UK
8ADGX,001-780-318-7217x634,Chile
RLY94,6149341611,Dubai
0KWBK,001-629-154-3774x325,Italy
C9PNG,127-488-8974x937,Germany
C9PNG,162-383-5999,USA
UEAU3,(291)174-3774,China
UEAU3,852.667.9845,India
IHYZO,539.811.3869x96352,India
QY4TX,754.097.1433,Egypt
QY4TX,-5080,Dubai
DI0C5,466-209-9320,UK
DI0C5,+1-059-644-2158x9506,China
DI0C5,970-962-9452x19641,Dubai
P1GGZ,696-843-8774x2626,Mexico
8HSSP,773-679-2079,Egypt
FXVJ8,889.842.1231,Chile
FXVJ8,(039)577-1549,Japan
FXVJ8,001-991-897-7833x70366,Chile
KS0M9,(722)463-8198,Kenya
O2GM5,001-191-306-5560,UK
4O0Y5,001-712-714-6519,Germany
DUO19,619.442.3266x1088,China
PGGZR,(030)918-8884,Germany
UV3UZ,001-863-596-4436x265,Italy
LNK75,781.162.8797x1749,Egypt
NWBZ2,(018)037-2444x894,Kenya
OQRY2,747.575.5111x264,Japan
OQRY2,499.609.1491x7035,Chile
OQRY2,292.990.9502x68723,Kenya
3KFLS,(946)411-1298,Germany
3KFLS,122.542.7505,Japan
825NZ,001-260-782-9161,Belarus
825NZ,001-340-005-2483x88603,Dubai
ZZSO4,+1-960-643-2886x215,China
2BO7X,001-400-773-1328,Mexico
OEVFB,253-328-6197x3422,Germany
YNRQM,739.526.3152,Italy
YNRQM,770.552.8761x143,Egypt
4E6TM,+1-132-338-6228x7623,Mexico
4E6TM,+1-037-674-4423x01712,Germany
4CXZQ,824.566.9259x998,Kenya
4CXZQ,239.850.6167x16802,Aruba
6RSQM,875.758.4868x4815,Kenya
6RSQM,4133216620,Japan
LAZEE,001-282-478-4574,Belarus
MZY5D,851-657-2226x9015,Egypt
8ZSZV,001-394-220-2005x574,Belarus
428TG,061.672.1246x20613,Mexico
LE2PZ,(562)622-0287x329,Kenya
PS575,564677610,Australia
VJ7BS,001-087-355-3065x897,Chile
VJ7BS,1567975004,USA
HGTUB,(776)671-8429,Chile
R2YNB,(214)934-5051x13349,UK
MS8HE,+1-604-169-4609x99565,Kenya
GPJ8L,001-200-217-8667x757,Mexico
FUR3X,001-154-456-1260,Chile
A34BI,+1-852-981-8211x7671,Belarus
A34BI,(036)973-3864,Mexico
X8DQM,144-210-5201,India
L9Z76,554-383-0761x52251,Japan
34CO5,001-903-709-8041,Dubai
34CO5,850.889.8543,Egypt
WP5LA,179-138-2527,Belarus
WP5LA,+1-666-981-2146x3300,Italy
YTILS,294.861.2065,Dubai
YTILS,001-977-968-3790x6202,USA
UHK0I,(859)227-8784x341,India
6K1RV,198-567-7693,Egypt
6K1RV,361881620,Dubai
6K1RV,(380)398-5543,Italy
CUYEM,344-173-2068x52878,India
9H7FL,001-792-143-3690,USA
9H7FL,001-106-194-7541x08647,Germany
9H7FL,(574)359-2290x5309,Kenya
FUB20,(090)533-8210,Australia
FUB20,4503642521,India
4Z5VC,(113)235-4216,USA
4Z5VC,(196)742-9897x4152,Australia
2CS1W,+1-605-227-8004x28656,Italy
6XUOQ,118-726-8086x96032,Japan
XYUHX,4810697869,Italy
2B9LL,2784273884,USA
2B9LL,585.024.1633x9297,USA
M22VL,910-361-4046,Germany
M22VL,+1-844-194-1369x5802,Australia
M22VL,710-150-5143x49458,UK
SFE8H,9938393458,Germany
SFE8H,210.328.0913,UK
COVLS,963.747.4611x2676,Mexico
HI202,(896)674-6847,UK
HI202,776.191.0008x757,Chile
67EYU,001-354-171-5879x356,India
67EYU,525350074,China
L18JT,793.962.9068x520,USA
A2ZTX,4987879639,Aruba
U6275,8616611637,Japan
U6275,451-260-7172x394,Australia
KV5S9,527-073-4439x204,Kenya
KV5S9,001-792-747-4202,Chile
CK3WB,585.716.7779x2921,USA
CK3WB,3735945068,Japan
ZB7CT,(623)579-8065x8605,Dubai
ZB7CT,078.845.9004,Japan
T9ZSG,+1-929-478-4339x1997,UK
T9ZSG,001-517-424-8524x930,Mexico
QN8ZE,001-039-198-6778x16025,USA
H3RDT,7641257021,India
F1I7H,-10234,USA
F1I7H,1380929166,Mexico
HYBE0,-1441,Japan
HYBE0,001-775-130-0361x210,Japan
HYBE0,001-168-721-0554x12017,India
XUPLB,+1-396-040-3435x93396,Germany
XUPLB,880.457.9753x1790,India
80DGW,+1-580-220-9477x984,USA
C07UU,441.678.1097,USA
C07UU,926-092-8440,Belarus
KU4UY,(583)564-6485x329,Chile
KU4UY,(039)157-8020x789,India
2O26M,916-760-3070x74755,Aruba
1A7TF,419.529.4534x3582,Australia
V9QH1,183.416.9782,USA
4MSI6,001-233-211-8301x874,Australia
1JCS5,092.668.1362,Aruba
U4K0S,2138916903,Dubai
JIAY9,510.576.0898,Kenya
MDIBN,+1-706-969-8298x2143,Mexico
PKSKL,+1-470-048-4308x548,Mexico
NW0RD,942.830.0262,Mexico
NW0RD,+1-304-302-7385x93147,Italy
NW0RD,111-690-6870,Chile
R9VGY,-10021,UK
0YU61,+1-751-112-2663x702,China
0YU61,3045294500,Chile
HGSO8,(228)137-8374x231,Mexico
CX5HZ,421-590-3997,Japan
PQ1WL,939-786-0506x75640,Egypt
Y905T,001-426-053-9219,Kenya
Y905T,(587)878-2972x552,Dubai
S2EUS,3401327797,Australia
S2EUS,781.082.7225,China
ALA9F,078-052-7505x76796,Belarus
1FSGF,(730)878-7735,Mexico
4LPMU,001-030-849-5257,Japan
4LPMU,223.983.8759x9873,Mexico
PQ2DG,405.166.7605,UK
N2MTA,299-920-1842,UK
JNXG1,(912)244-3237,Mexico
PCAC7,(995)750-8061x945,Belarus
PCAC7,837.267.8390x625,UK
HL4LT,112-635-7407x50093,Chile
MYP8U,(135)713-1128x24335,Belarus
MYP8U,+1-909-537-3057x416,Germany
KAA41,708-243-0674x35199,India
KAA41,860.878.8206x5670,Aruba
KAA41,117.007.9377x48598,Mexico
3GV4L,9984850931,Chile
NUPCW,(890)506-5460x2817,China
GAMUW,+1-986-012-8028x6749,Mexico
KMUAX,001-280-017-9666,Belarus
KMUAX,+1-654-269-8328x35348,UK
V1RZB,+1-871-328-8077x253,Japan
V1RZB,484.016.6126x1624,Italy
5FUOS,(337)867-8360x29688,Japan
PJGUI,715-363-9328,Mexico
7KG61,(028)926-6248,Dubai
VP7XA,739-636-1042x4079,Australia
3M1YI,1570751103,Australia
29IRK,(654)420-6060x750,Germany
XKU7K,001-324-727-2007,Germany
Y4RHZ,-11607,Dubai
FYQCT,+1-260-058-0942x2880,Italy
